app_name,has_ad,type2_detected,type2_features,type3_detected,type3_features,type4_detected,type4_features,type5_detected,type5_features,type6_detected,type6_features,analysis_date
00857FEF8183E16EEFDFBFF629E0FC9D0879F3EBF823AA3B3C00545992E8C9B1.apk,False,False,,False,,False,,False,,False,,2025-10-19 17:11:30
01D97E41F44591BAEB09AEEECDAFC02908280D0663ADD87669CFD62B3C6850FE.apk,False,False,,False,,False,,False,,False,,2025-10-19 17:11:30
02E36467F2913A233ADC94E7458F2E8C3BFE432078BF0C843AA0A14F68840047.apk,False,False,,False,,False,,False,,False,,2025-10-19 17:11:30
032EAD1FBAA7529CB911312830B25AD86E6D097E8D33B7B14BA45FFBBB4A27DB.apk,False,False,,False,,False,,False,,False,,2025-10-19 17:11:30
035B70DBA3A8B7B053FA00A0AE13331DC097B2880834F41AED6815ACFF875C2F.apk,False,False,,False,,False,,False,,False,,2025-10-19 17:11:30
045541B0497754A57F3C104692F11F7F680B1300E6AE0BC116920B5CAD087419.apk,False,False,,False,,False,,False,,False,,2025-10-19 17:11:30
04657CA0574ACE0B2C40D54369E2B519DFA63F5BAA398D1B5579AC705C4F67F5.apk,False,False,,False,,False,,False,,False,,2025-10-19 17:11:30
04E1D936FF1000EB7F0087BEED7C44892E71CAE4CB7EACC0FE6EFE6EBAAA4B09.apk,False,False,,False,,False,,False,,False,,2025-10-19 17:11:30
054C007DBEB8DC19A052AEDDEE6D9607784721657762CACE91C40D94F9279C14.apk,False,False,,False,,False,,False,,False,,2025-10-19 17:11:30
065E0E6F150240B23872FF9207CED51EDA27846DDDB3DA8C7B1278D1E777CBBD.apk,False,False,,False,,False,,False,,False,,2025-10-19 17:11:30
0664AE13F3D02B4096EBF81317CBB12BAC511DA105E9E850964E1B9A02F84003.apk,False,False,,False,,False,,False,,False,,2025-10-19 17:11:30
067CAB94B2B833A5A7B4398B12A111C1E0A730A809CC1282C6527FA54886124D.apk,False,False,,False,,False,,False,,False,,2025-10-19 17:11:30
072B33E5D11787E37333DE6F685A7CA7F7418444C19B40982C7493648A5A1DDE.apk,False,False,,False,,False,,False,,False,,2025-10-19 17:11:30
07B2EBA87B47DBEE3E8D0A1B60930546A16AF069188FCD3557E310C25E6CFC79.apk,False,False,,False,,False,,False,,False,,2025-10-19 17:11:30
08A32DB1E8052B96E880B1E147FEA9129147F944A0323DBE05FB296DC55965F1.apk,False,False,,False,,False,,False,,False,,2025-10-19 17:11:30
081A30CC75C2AE03C9F03B53DFB1357B9A0521FD41B7907514F944D57F6AAA7F.apk,False,False,,False,,False,,False,,False,,2025-10-19 17:11:30
09247ADFA751B40D447EE6923142D69643995F79DB105EAF15EAF95BD6FEA78C.apk,False,False,,False,,False,,False,,False,,2025-10-19 17:11:30
0A5BC0E05C6BACE17A83CCC790E1D96E8A6548BCB59C629C08A9B4C772061E78.apk,False,False,,False,,False,,False,,False,,2025-10-19 17:11:30
0AD04DE95C49BBAD4A924977CCA629CA9CB1B866FB93B7A9BC9176AE2CC63D46.apk,False,False,,False,,False,,False,,False,,2025-10-19 17:11:30
0B607C9BA7AB92631F633CC9455D43863E373A4880DBACC242A328A6C044D69C.apk,False,False,,False,,False,,False,,False,,2025-10-19 17:11:30
0B9DAB33CCC8A4AE1C6F04BFD6821E0A39A6E5F3F52772C19F742D9C6D82F6BB.apk,False,False,,False,,False,,False,,False,,2025-10-19 17:11:30
0B6E3A75D382D1E5DB0E207FF526B45851D5AFF43CEEAD3F2E0D8EE6181B0C6E.apk,False,False,,False,,False,,False,,False,,2025-10-19 17:11:30
098B35ACA320949D5E58980876154B52B1F2AE27091887E2E49AF51FDD56CA8E.apk,False,False,,False,,False,,False,,False,,2025-10-19 17:11:30
0D902A3B62477934765C87F2383ECBCE780A8D3B0A91408FB0C2277C416BBD46.apk,False,False,,False,,False,,False,,False,,2025-10-19 17:11:30
0EA25A99C33FB16D31B3AA8622776377132A8ADD78068E8D0807425C21DA4C18.apk,False,False,,False,,False,,False,,False,,2025-10-19 17:11:30
0C0629CC4A055F5DDF7EB78613A0FCE6ACE89E34B4DEEE6632CFD9882B6BA987.apk,False,False,,False,,False,,False,,False,,2025-10-19 17:11:30
0EF77D7A3965EBC5665717219E523BD06F7A199F88182BE08E5EEC80BC7C6913.apk,False,False,,False,,False,,False,,False,,2025-10-19 17:11:30
0F809D1219C29D6CA2F3A14A19D02D4912894CF1143FD22AA420E2F8F45B4DBD.apk,False,False,,False,,False,,False,,False,,2025-10-19 17:11:30
1142B39C4B41F3686D8BC0918AF4139609039BD9D663E8DC1C633B3005D73568.apk,False,False,,False,,False,,False,,False,,2025-10-19 17:11:30
122CCADB39ACE43DF24A8FBCB05084758F217BAD4BFB7FFFFE84CDD945CF7C44.apk,False,False,,False,,False,,False,,False,,2025-10-19 17:11:31
133DFFFE072F1D4586A5ACA7F246CBC47C087150033D4C4E4DB39EED338AE21E.apk,False,False,,False,,False,,False,,False,,2025-10-19 17:11:31
161761845B964BF291BF6627A531660842566E214DDA0D571C3049090CEE7DAA.apk,False,False,,False,,False,,False,,False,,2025-10-19 17:11:31
16779893463F69022BC65C515A63C2B819A94505BA16C0A8C47AD796F3488BF1.apk,False,False,,False,,False,,False,,False,,2025-10-19 17:11:31
16920D9CB5FDF8836135F597947AC526B8557F2DF5254D76A92062C793163E2A.apk,False,False,,False,,False,,False,,False,,2025-10-19 17:11:31
16BE7928AFEA083AABD23A27A82D0865193DC439964FA9D43DEBD2AAE31172C6.apk,False,False,,False,,False,,False,,False,,2025-10-19 17:11:31
174882695BA1C134CBBB99AD0C7B8EB8E7475F15309537EEE16957D3126CECF1.apk,False,False,,False,,False,,False,,False,,2025-10-19 17:11:31
18DE4D2DCB77C25E6CCFEC76E351BDB65013119315A9986DA2016C03C481F692.apk,False,False,,False,,False,,False,,False,,2025-10-19 17:11:31
194AFB5AEEB140AB19CC9930C510EAAD253274D8F32163AA6496AEEB82F30D97.apk,False,False,,False,,False,,False,,False,,2025-10-19 17:11:31
19BA8AD528A5A74FDF83116031BC1C64FC9562A6680765AB03060AB649CDF348.apk,False,False,,False,,False,,False,,False,,2025-10-19 17:11:31
1169A55E9EEF6F68395FABDD123AE36E6113F732E3E73170AF0A7FCF6D3EB07C.apk,False,False,,False,,False,,False,,False,,2025-10-19 17:11:31
15DD8AF4F2D63BFFC4009E243B14766FEA385E48E75B069410C9457D54DB6618.apk,False,False,,False,,False,,False,,False,,2025-10-19 17:11:31
1B887213AD4CC25D922B4BD412BBF1D54D8718F00E1BECA2C9D26F798851FA50.apk,False,False,,False,,False,,False,,False,,2025-10-19 17:11:31
1C68F9DA0100BDD0D6912873768DC3EC597241AF573AF1DD57B4DDDE85A48E17.apk,False,False,,False,,False,,False,,False,,2025-10-19 17:11:31
1C514484BDE6336856D38E52A6030DC0C90BE5569D1941F2AE1EF62045B0A938.apk,False,False,,False,,False,,False,,False,,2025-10-19 17:11:31
1D15427A8FA52E5101C2A576D7FC73A6D55E33F7969AA7C9E20906E1F8E5DB15.apk,False,False,,False,,False,,False,,False,,2025-10-19 17:11:31
1D55ED5E503CBF89EE8F4B12AE0183CA14803998E12F8EC750C522B2AD8302D5.apk,False,False,,False,,False,,False,,False,,2025-10-19 17:11:31
1F1889C3FE704D25389F1D5F4A68E3637CD3C1274C2FCB7F327B1B099D37C6EC.apk,False,False,,False,,False,,False,,False,,2025-10-19 17:11:31
1D6F5C87BC0DD0287C81DAB49D14A8497AE733F55B4B79909C93A219D24DF4DF.apk,False,False,,False,,False,,False,,False,,2025-10-19 17:11:31
1F88D15ADD17DFFC1B3F9A3305E22F0CAD60CD6A7467CEE6E4830AF3BE7D533B.apk,False,False,,False,,False,,False,,False,,2025-10-19 17:11:31
2139011DE9A319E035ED26669F074A8992F1D867FB0622D38DC249FCCE97BFDE.apk,False,False,,False,,False,,False,,False,,2025-10-19 17:11:31
21A547514F4A022A75319FABF5B0597A0A64359841214977709511D789D9CC37.apk,False,False,,False,,False,,False,,False,,2025-10-19 17:11:31
241E304BC652BDDB466506A15D56848509B5B68BC1A673684DF9D376AE8A608D.apk,False,False,,False,,False,,False,,False,,2025-10-19 17:11:32
24F0E2611D22E9BA49BCB8C047DA6553C4309782E3C847C95C5FF8A552379614.apk,False,False,,False,,False,,False,,False,,2025-10-19 17:11:32
237385FEDD2DE07074ED714B60E7CE323ED912AA87A48FC09B852132EABA50C3.apk,False,False,,False,,False,,False,,False,,2025-10-19 17:11:32
2820FAF0A63807CD3909E65BBB7FADCD53EBA33F837FB1CB2237C49966F7E7DA.apk,False,False,,False,,False,,False,,False,,2025-10-19 17:11:32
294927991D48B738A4DADE50F43D482DA5D8CD9B885BC61602C5066D6C71E58F.apk,False,False,,False,,False,,False,,False,,2025-10-19 17:11:32
285C45E52AA8AAE40F517103C7FE5DA0338A53AC96D1BC4F1F7E275495313DAE.apk,False,False,,False,,False,,False,,False,,2025-10-19 17:11:32
2A0C0B0FCE954F2C3F1D955D045F6EFC332DF094751A58CF2E4A5D8B72700F23.apk,False,False,,False,,False,,False,,False,,2025-10-19 17:11:32
2A99FCF3C4E508627C726171335AD84216890B27F06913109C0D469D7C683970.apk,False,False,,False,,False,,False,,False,,2025-10-19 17:11:32
2BB098A876782C38674281CFF8DA4D08DA6E0B70687873451649A7D3BA446F61.apk,False,False,,False,,False,,False,,False,,2025-10-19 17:11:32
2AFCA0C9058A9CE552CE5B566A6F8EDB99B306A1B5F1C3B907A2452DE7216D18.apk,False,False,,False,,False,,False,,False,,2025-10-19 17:11:32
29D3802638C103DC4EC3AB12A151E24D35E8F81590E7C9FE261481ED90A77FCB.apk,False,False,,False,,False,,False,,False,,2025-10-19 17:11:32
2C3F39F4C03E89A5DCFC4F0CFAA24FD338856ED1A18D3E767C71ECDCD6739A6A.apk,False,False,,False,,False,,False,,False,,2025-10-19 17:11:32
2DD72B7F706D1A0CC1D87967F9EDF11A5CA8BD8414F6FBA2C441FA4170D2DA9E.apk,False,False,,False,,False,,False,,False,,2025-10-19 17:11:32
3654A94DB79AE70B6BA594CB4E667046A8C9F4DB9A9DC9AAD93CD54CFA2AB604.apk,False,False,,False,,False,,False,,False,,2025-10-19 17:11:33
33E830D8521DF1D882E2B91CCF05E7238F3BBCD06085D86E46C811F42B68097B.apk,False,False,,False,,False,,False,,False,,2025-10-19 17:11:32
3697E79F5137AAA58D8F6ADA33A078A0EAE68EC9C3EB26D1F09C3E721BABE209.apk,False,False,,False,,False,,False,,False,,2025-10-19 17:11:33
3B6E9C351281A4903048BD663608710DCAA6FD1B0C0A79C26CD81D913F03E5AC.apk,False,False,,False,,False,,False,,False,,2025-10-19 17:11:33
368485516D21C9966D7757E4C6C6F6C01B726CF2925370298195928704E4F5ED.apk,False,False,,False,,False,,False,,False,,2025-10-19 17:11:33
413CB3A35E684FBC7698359B6089CBA570AC763A9294AEC94E8F9AE9037EF47E.apk,False,False,,False,,False,,False,,False,,2025-10-19 17:11:33
41B1102FB009488B7656D71E43FA2A6BF155EF9908119B65F4532D89E76C672A.apk,False,False,,False,,False,,False,,False,,2025-10-19 17:11:33
3BA18E1935D96166CBE0FE876930112D003BC8386CAE24A950DAB864C902CE79.apk,False,False,,False,,False,,False,,False,,2025-10-19 17:11:33
4039EA81ABD6C11F86EA51079142F7C61C9D8A079A4A159AA667AC9B8472E381.apk,False,False,,False,,False,,False,,False,,2025-10-19 17:11:33
42D56A889420DEB68E4DDDEE75DD9651A767E27964BF9D1A5D02487FB64BF021.apk,False,False,,False,,False,,False,,False,,2025-10-19 17:11:33
41FF950F9A4FBB7C8A06AD2006B3C9C867670B14E64FC40A998B64B7DEDE9C1D.apk,False,False,,False,,False,,False,,False,,2025-10-19 17:11:33
4543000D76CB29C9CFE0D3C83FA1AB6857A869906BF4A14F586AF0E129E5EE9E.apk,False,False,,False,,False,,False,,False,,2025-10-19 17:11:33
45F6109D100A5292693326E30D8B4CA0351F425367F36FEE3239D52769A0F0A5.apk,False,False,,False,,False,,False,,False,,2025-10-19 17:11:33
43A936ABFE5B4B7C8B3CC5959C5DFF521324D68C1714A1CE3FA7ADE15AE16F59.apk,False,False,,False,,False,,False,,False,,2025-10-19 17:11:33
468B37431F8FF5AEEA3EF029B2927AF85748EEE98E8BBCC8422BF07E03BDCFEC.apk,False,False,,False,,False,,False,,False,,2025-10-19 17:11:34
4605DFFBC92B08EB634A917FB9711EF1D1DB52B99338FE16021851C5C8D86157.apk,False,False,,False,,False,,False,,False,,2025-10-19 17:11:33
492549354A3FAE88F781C5F3B0C7007C449A0899846B2AB3860639E973682684.apk,False,False,,False,,False,,False,,False,,2025-10-19 17:11:34
47BDA8864763971C9CBAA195F406690156FE47BA3BCE1F9056FCF1A827DC1C8D.apk,False,False,,False,,False,,False,,False,,2025-10-19 17:11:34
4D4CC681A54C104186044E79D27B2FAC0FB5E4290B5E6119A305B3F817D77741.apk,False,False,,False,,False,,False,,False,,2025-10-19 17:11:34
4D95708B7FF1A1D67BB7B837E0653925658C8EF6BD6E5144567FD8EBC839247F.apk,False,False,,False,,False,,False,,False,,2025-10-19 17:11:34
4D29F282A5361C8C0B7FB3C1405863ECA87C853D2C9F7373249D1888FF4F22C0.apk,False,False,,False,,False,,False,,False,,2025-10-19 17:11:34
4E0C4C825FB2D38A1145660C786686EC997C6784A655D3AE926434B8BC8D799C.apk,False,False,,False,,False,,False,,False,,2025-10-19 17:11:34
509BE062132A9691C5C86431DD56093DE5A2CFAFFAD2D360C6BA08DC4E9159B7.apk,False,False,,False,,False,,False,,False,,2025-10-19 17:11:34
512DE1ADA79F9423BCBE1C07081DF004CC3E3E6941977B527FC8DD40E9701B3C.apk,False,False,,False,,False,,False,,False,,2025-10-19 17:11:35
51DB5339B14B5710FBBECE2ECC4CD448CDDB154B62FA2377218CB8BAE60819CE.apk,False,False,,False,,False,,False,,False,,2025-10-19 17:11:35
4DAACC3FB2542EA815A82F441B1563C64A7D4DC0CCC794FFB1C24A7AB783D349.apk,False,False,,False,,False,,False,,False,,2025-10-19 17:11:34
52AB6A882595FB4A70F684F5D82DBBD456F355FCC4A0C2B50B8FFC6DF3DE27DD.apk,False,False,,False,,False,,False,,False,,2025-10-19 17:11:35
524865ABD473360FB3CE5AAE2A914FFFADB9A243C603D9DE2457551C42AC260F.apk,False,False,,False,,False,,False,,False,,2025-10-19 17:11:35
534472785AE717D3465717C2455335D0A939C0E638FA9E628767BF530FF4D282.apk,False,False,,False,,False,,False,,False,,2025-10-19 17:11:35
530A1CD83EA45490B838E492E19779F6F2841CEF8671AF52788CDCCCD5DB5705.apk,False,False,,False,,False,,False,,False,,2025-10-19 17:11:35
53BDCBF3075C6B67FF5438EBF1C32EB01A3A3DD8E7B7922D9F12EDDD053CC778.apk,False,False,,False,,False,,False,,False,,2025-10-19 17:11:35
557CB02D5DAB0C36786D1092570FEBBE38C92A223A36620848CB980F905040B7.apk,False,False,,False,,False,,False,,False,,2025-10-19 17:11:36
54CA8C2FF15756C3696CC3F4B5AB29F28A7077B5CA55AFAA31C7B3D34F7D5C27.apk,False,False,,False,,False,,False,,False,,2025-10-19 17:11:35
55A6B0E94CACD7AD76AC58C1A31005C6CB8E264FA5E54D3EABB04112528DCA04.apk,False,False,,False,,False,,False,,False,,2025-10-19 17:11:36
56F3737FEEE7177B63082F2504785B5913A3F441298B42FF1D521942878B408F.apk,False,False,,False,,False,,False,,False,,2025-10-19 17:11:36
5614EC66E42B2868F86E84416135419E4FB9EB653E4B93A80972504BB918EC4A.apk,False,False,,False,,False,,False,,False,,2025-10-19 17:11:36
57CC1722046465C1DF331EEAF01868AC53892D48805BA798D06A6609E4F14743.apk,False,False,,False,,False,,False,,False,,2025-10-19 17:11:36
5901FF1CCF87FB90A37B59AF1A50D91FB8D3374E6DF57F556EBF13E2E3A97E23.apk,False,False,,False,,False,,False,,False,,2025-10-19 17:11:36
59A6AC9E7A624E42624E39263BA8CD7E0C13043F571533ADB62DB30D087BA665.apk,False,False,,False,,False,,False,,False,,2025-10-19 17:11:36
5BAE7CFADAB4C6F0001A77E21B691285BB0A79D9B690FF69CC8BA426D27F6A03.apk,False,False,,False,,False,,False,,False,,2025-10-19 17:11:36
5A06A25EC1FAB02567FF1684140F1D382C2403C1CD661712C96529354A34AE99.apk,False,False,,False,,False,,False,,False,,2025-10-19 17:11:36
5F87046476DBEC4E9C514283A5E1B032843D28F42D645B18D03DE0C6C4C89B4A.apk,False,False,,False,,False,,False,,False,,2025-10-19 17:11:37
5EEBF24EBE93A46B565339B44DA2B188003C5F94C10F6529BFA2A2AF3EBBD923.apk,False,False,,False,,False,,False,,False,,2025-10-19 17:11:36
61AEFD868CE2601CC54437E353A85CDDA5B1DBBCF2C80EDAE1DB6C3918188458.apk,False,False,,False,,False,,False,,False,,2025-10-19 17:11:37
62A6F954FF6CDC09ABCE4B6DF6E7FCE9FBBF8ABBDBC9A9FEF289862D341611BC.apk,False,False,,False,,False,,False,,False,,2025-10-19 17:11:37
623427119650E8FA47255BA478CA1911C44728FF6FD41140E22EE308036E9CFE.apk,False,False,,False,,False,,False,,False,,2025-10-19 17:11:37
62F8D361C7150AB9AB13220C7FF3FFF17C88F4D9E5ACBCF217C7E4548307B2C9.apk,False,False,,False,,False,,False,,False,,2025-10-19 17:11:37
6338151AD29DC5964C8EB4320B491D236D270BDABA383E67870DC1CF2981A242.apk,False,False,,False,,False,,False,,False,,2025-10-19 17:11:37
637CFF7E2FE44B8CA3683CE79001284527CB3B8B51E0956C2937A1004ED40D52.apk,False,False,,False,,False,,False,,False,,2025-10-19 17:11:37
63F4FBA405B0C54611F35B25B8D3B2BCD04057516A9D02C74FAC9F2BB7EE278A.apk,False,False,,False,,False,,False,,False,,2025-10-19 17:11:37
62E523AE827F3BC22EBE77BE8E80CBAA31964CB24E6BAECB36A0361695F12FAE.apk,False,False,,False,,False,,False,,False,,2025-10-19 17:11:37
643005DB9FE16E678F88F49FD0EDF2416EAC6A693F03C775BF3BFEF10AE3F799.apk,False,False,,False,,False,,False,,False,,2025-10-19 17:11:37
646EE4C94B8274E8F384459BA9B6B5B93735707FEED4021916D05B0F2E99C9E4.apk,False,False,,False,,False,,False,,False,,2025-10-19 17:11:37
65CAB65798166B99FB96F6CEA7590EA74F5FACFCC2B58FCEA18DE72BDBE6DA3E.apk,False,False,,False,,False,,False,,False,,2025-10-19 17:11:37
66512E33A74B6EC19EA1D48557751FAEAE9A07ED2C448AE707AA64CA21AA0747.apk,False,False,,False,,False,,False,,False,,2025-10-19 17:11:38
660825629F246613C228C84A43887AB992B4AB28DE6D38B8A286C0AF06803AFD.apk,False,False,,False,,False,,False,,False,,2025-10-19 17:11:37
6730D74B55232AACC1D6BFF773E227EF9A578F5BA1BFB63B95208C6A076417F5.apk,False,False,,False,,False,,False,,False,,2025-10-19 17:11:38
67DCAE999F121D5C9421F658EE99868260B229904FA4E9C8A77E45FA2D7D8DF1.apk,False,False,,False,,False,,False,,False,,2025-10-19 17:11:38
67BA52EEBB41346D8ED295733DE2EBEA6DFB2F47C7A9EB8AB91D7FF82FFC191D.apk,False,False,,False,,False,,False,,False,,2025-10-19 17:11:38
6685D88FCCD8468555CEAFE1B84A4CB2CBDEDDF2E5E3B43E48A4BD445AE147B8.apk,False,False,,False,,False,,False,,False,,2025-10-19 17:11:38
68DC9EACFEBD41CA5253CF19E42749F595141A123423501649C5D44AA5BFA3FF.apk,False,False,,False,,False,,False,,False,,2025-10-19 17:11:38
6A52A330D54B81F3FA9DD81BAF51CD9B271306695D40E34EF6F2E21D155A3EF0.apk,False,False,,False,,False,,False,,False,,2025-10-19 17:11:38
6B71882D45C9BB8F6AF60083650CDF55C66C62C61CF609215D4941AA50C10A62.apk,False,False,,False,,False,,False,,False,,2025-10-19 17:11:38
6B3002EC1FA1582AD3231C7B1331C317195EF901C3BDBF1F7F8C1AE17FFE1AF5.apk,False,False,,False,,False,,False,,False,,2025-10-19 17:11:38
6A6DB8DF420D697E090EC1400178899470DFA0D611527EA729AF84909728EBFA.apk,False,False,,False,,False,,False,,False,,2025-10-19 17:11:38
6CC80E7764335367B586EDD2A457A32470C3277DED4EF8F56FEEA530147844E4.apk,False,False,,False,,False,,False,,False,,2025-10-19 17:11:38
6D7D62F529D19D095AC692C775AFBD6366F3F0B0ADF79672D9E748A478D0460F.apk,False,False,,False,,False,,False,,False,,2025-10-19 17:11:38
6C046B16408791579F185981677116281E4F161C0D450456A6270129E64C6FD6.apk,False,False,,False,,False,,False,,False,,2025-10-19 17:11:38
6E4DFC9A949559C84A6F9F6CCD280387DB3822116CC8667AFDE675178F7D28E2.apk,False,False,,False,,False,,False,,False,,2025-10-19 17:11:39
6F3EE4F0CB81AB21A6AB9036616F333C2BE8A3B81278D8727BC08DA7D7777309.apk,False,False,,False,,False,,False,,False,,2025-10-19 17:11:39
70B0D17331F89897F9EFAFDCB82813255D7A8A0577EE4E042B8B2006A6D76560.apk,False,False,,False,,False,,False,,False,,2025-10-19 17:11:39
6E064EA14261FC1262514EA88649B828CF93A99DC36EFB7ED8983421BC0F07E7.apk,False,False,,False,,False,,False,,False,,2025-10-19 17:11:38
72B27EDC12D11CF75D1F3136038D887B208E46A01D8B0F022F80E89304058C6E.apk,False,False,,False,,False,,False,,False,,2025-10-19 17:11:39
70CA5E9E8BE0E6A74F21C429BC347C56283B92483BB4BE989041764C08140FC2.apk,False,False,,False,,False,,False,,False,,2025-10-19 17:11:39
740AED5840016EA6F5DE8CAD64CEE053AE2F654A01310C5F0519B71C338FBA7F.apk,False,False,,False,,False,,False,,False,,2025-10-19 17:11:39
71E4E92D9B962EB73A2F12068EA54FF0EFE9B2CCAC399BDF2269F7ED53649087.apk,False,False,,False,,False,,False,,False,,2025-10-19 17:11:39
758FA8F27EFA0547C8446B440A21490FBD32D9141AC5BC7A5333D07DA17EA42C.apk,False,False,,False,,False,,False,,False,,2025-10-19 17:11:39
759E990906B63B920B04218F3B762DC5E3FB96BA67EFD091B67873DB7C50380D.apk,False,False,,False,,False,,False,,False,,2025-10-19 17:11:39
76E684C42E73080232A28B14581B1D0A00799E0A7D4ADA6595DF23BC44FA2554.apk,False,False,,False,,False,,False,,False,,2025-10-19 17:11:39
7740165F3C1516D86F5F315ED92281323BF16483AFA534F3F6698D0239E25BA7.apk,False,False,,False,,False,,False,,False,,2025-10-19 17:11:39
786A468B865B0EA88BB63B1460A4E0FE2A7B3C368E10654D37BCF822A90C60D4.apk,False,False,,False,,False,,False,,False,,2025-10-19 17:11:39
777BB6A939BB21F0067600B86BE15ED323AA0475409B24E5B6497EB379EDD1AE.apk,False,False,,False,,False,,False,,False,,2025-10-19 17:11:39
7A3FF5D164BF47963BB606E45244CA88B7AECA80E684CC08B1615AD9D25572D7.apk,False,False,,False,,False,,False,,False,,2025-10-19 17:11:40
7B12B48E5386DEC0064FE2A6C6D26B1BE5C854B3CC37A15F135CE2EE935D23A9.apk,False,False,,False,,False,,False,,False,,2025-10-19 17:11:40
7D754E32A4185F549BBF5E231260886A45EAE5ED7E7F3CBAD76FC9898D3BD47B.apk,False,False,,False,,False,,False,,False,,2025-10-19 17:11:40
7E1ADA1959896C4FBCFCF3A7A70E15CFDC410A87854E335A31A89060612DA49D.apk,False,False,,False,,False,,False,,False,,2025-10-19 17:11:40
78F1EA34656AEBE370B69672F8DA1BFDA00978826206B6D97675539CAE0AD279.apk,False,False,,False,,False,,False,,False,,2025-10-19 17:11:39
7DC4434552700349C2615B23D679AC6264FECA118A5F118B7147150F6F618713.apk,False,False,,False,,False,,False,,False,,2025-10-19 17:11:40
7E20B495B087E71E77BBD41A7593DCEA893EF5E439B161C010129199F7D3A7B8.apk,False,False,,False,,False,,False,,False,,2025-10-19 17:11:40
7EA15FC0BF2220D0649B319B8FAC7502467DC66FEF101203AE6DB3386C5175F6.apk,False,False,,False,,False,,False,,False,,2025-10-19 17:11:40
820D00928B8EDEA7AF9259E1EE0541A0EFFE59F30374D43C8860B2385008B48D.apk,False,False,,False,,False,,False,,False,,2025-10-19 17:11:40
821EAD6416A152C3DE5C811177B893B5BDF534A292DC9D6D441F9E6C30031121.apk,False,False,,False,,False,,False,,False,,2025-10-19 17:11:40
82E1973BBB0F5B0D302857ADA57823E123FA309741685D2F49C96EC8F2676D9A.apk,False,False,,False,,False,,False,,False,,2025-10-19 17:11:41
830A50DE61B58306C78A99275C5AD6B15149D8EEF132C668259981E97CCF1FE2.apk,False,False,,False,,False,,False,,False,,2025-10-19 17:11:41
83B62A789A5FE55220B2D11CE725B20CD3478871B85D280491A399F3938A959A.apk,False,False,,False,,False,,False,,False,,2025-10-19 17:11:41
842716EC8D61DA6AB2F44A539CEAF775D781BC0361C342FFD63C357C12F84194.apk,False,False,,False,,False,,False,,False,,2025-10-19 17:11:41
8490C0B3EC5946D5DE307FC31049967A92BEBEC18469392F95ACA8DB4A16E05A.apk,False,False,,False,,False,,False,,False,,2025-10-19 17:11:41
85626AB5B75772F1EA6B20A6D2BC1A8356F863CFFD6D2126E379528F746864D4.apk,False,False,,False,,False,,False,,False,,2025-10-19 17:11:41
86B690DC5465A6E3D03BF306E130DEE4D8889FDF1B05B20478D0BC74007141A1.apk,False,False,,False,,False,,False,,False,,2025-10-19 17:11:41
87305E107A48255BE8EA9D71C2CB3772A499ABF10C95E55B4118A8E08B458587.apk,False,False,,False,,False,,False,,False,,2025-10-19 17:11:41
873764DDCFD0D1F5EC6AB60BA9C0D8B81C409685F373D6D3609FD02E0F97DDBA.apk,False,False,,False,,False,,False,,False,,2025-10-19 17:11:41
877CDDE32BA516402D69D1B45C00D2D976DE36AAD68E397F584DE0F595AEA3FC.apk,False,False,,False,,False,,False,,False,,2025-10-19 17:11:41
879785B850693DDE4A188A3D7AF00793A79D484EF1DA573CE961FF271378D994.apk,False,False,,False,,False,,False,,False,,2025-10-19 17:11:41
88193535968AB58C2CA1ACADF18BCAC0E6F7B18BE82008098FF7B444A3A17404.apk,False,False,,False,,False,,False,,False,,2025-10-19 17:11:41
88765731C580F5BC48EAE97653CD73C1866743580FC459692FC2F6C84079C6AA.apk,False,False,,False,,False,,False,,False,,2025-10-19 17:11:41
88CC96B168CCF9E3E775080341748166A8D897630B2FF0403C1073C226C64300.apk,False,False,,False,,False,,False,,False,,2025-10-19 17:11:41
88E79DCAA5B00D6CA443CD51F728ED3A82D5F243F251350E47B51B4D4C1FB264.apk,False,False,,False,,False,,False,,False,,2025-10-19 17:11:41
894A5A8B7F53F04344CEEDFC4115CF3EDBF5D85BC94F03E3867A7E635A7687F0.apk,False,False,,False,,False,,False,,False,,2025-10-19 17:11:41
8982AD36D755BDF0C1D1690D7CED9B7A9B92B057EC1D8B662280F87C1800A742.apk,False,False,,False,,False,,False,,False,,2025-10-19 17:11:41
89EC88FFC8E635C554DE5D58B70B7153147FE229695586AA9B36C6C9F229E99E.apk,False,False,,False,,False,,False,,False,,2025-10-19 17:11:41
8A3F7E568F49FDD14FA11410AFDAB3D394B4A3CDFE2873A530BC71CA0EFE14CD.apk,False,False,,False,,False,,False,,False,,2025-10-19 17:11:41
8AC3570089320F8143A62D4ADB73D4784A23586D90B3EA37962CC8261ADDF773.apk,False,False,,False,,False,,False,,False,,2025-10-19 17:11:41
8B77E466983842999C7EC6BF3E14CC73D7878A4B61630AAAA08E8F5EE39D3023.apk,False,False,,False,,False,,False,,False,,2025-10-19 17:11:41
8B9E00FFD6CB9AAC763C31D2872D5374295CB6E44DD25B91B3F5621FF66A1BE0.apk,False,False,,False,,False,,False,,False,,2025-10-19 17:11:41
8BAA40016D0CED1B0A94BF16BC09A51941ECC3C904CA7A012EBD718537F6A939.apk,False,False,,False,,False,,False,,False,,2025-10-19 17:11:41
8BDA43BABC233C5CB318007340555FB011D99BC429119810B818E1A6506F908F.apk,False,False,,False,,False,,False,,False,,2025-10-19 17:11:41
8C0DD9E16DD7343CEB03934A6B561CBBCEE4E5E3BCB8B6690C7F39F3B64128DD.apk,False,False,,False,,False,,False,,False,,2025-10-19 17:11:41
7FD177D686E511CEEC5E1922563FB23D6401E7101E08AD35C5E3A37614421839.apk,False,False,,False,,False,,False,,False,,2025-10-19 17:11:40
84AEB3FA43D9591305709AFA95481CEBE4DF0FB2C4349143E3737F9DDFE3C29E.apk,False,False,,False,,False,,False,,False,,2025-10-19 17:11:41
8C7C3D5CAEAEBC168180B700DAB3C9812C7EADA52C299CC1E56BCECFEB5DC03A.apk,False,False,,False,,False,,False,,False,,2025-10-19 17:11:41
8C9B467CC0EB2EF7B86669FB6F7E25B9E78800C3B4AF5C5B9A466A0DFA7B4031.apk,False,False,,False,,False,,False,,False,,2025-10-19 17:11:41
8CBB701FE19ED7A96DC755DD6BBB63AECAF1CCD7154F7A6C5B6255CE9764E3BA.apk,False,False,,False,,False,,False,,False,,2025-10-19 17:11:41
8D8461F418189B7E066E89DDE034610B96496F1284A1DE1906147155D47BD71F.apk,False,False,,False,,False,,False,,False,,2025-10-19 17:11:41
8DE347CC2CDF29DE9D54A638819F7EF32E4CF6DE045AF3CB36E6E4F01F01755B.apk,False,False,,False,,False,,False,,False,,2025-10-19 17:11:41
8E28DA67191D26FA1BE68273CC2E4C3F274980061880851F2A5B53D865C88DF8.apk,False,False,,False,,False,,False,,False,,2025-10-19 17:11:41
8E7891A56CDCECDF1B0860518E6E69760F3DC12F6BEE870C92DF3EFDD947C8EA.apk,False,False,,False,,False,,False,,False,,2025-10-19 17:11:41
8F9B878CCBDBC9BC037EB3D2E3F5EE88E87D5E304D3CFF842FB810AFCD5A8B30.apk,False,False,,False,,False,,False,,False,,2025-10-19 17:11:41
9028C535ABE2ED40FD87A3CD926A3CC4F93ADD4A3F18245E63788EFFE21A0788.apk,False,False,,False,,False,,False,,False,,2025-10-19 17:11:41
91BFAED1588FCF082087164EBAC8EE1FD16CE079433816B3CC6F7394F57D8529.apk,False,False,,False,,False,,False,,False,,2025-10-19 17:11:42
916ED41F72F8D0C7A13483943BC36D8465EC01336332CD2FE4FBD92AE7AA1481.apk,False,False,,False,,False,,False,,False,,2025-10-19 17:11:41
92178DD475B7E89454CC30126FF569886BE09D20FC57810D1069D17982AC984C.apk,False,False,,False,,False,,False,,False,,2025-10-19 17:11:42
90E4CE416721ADEFFDB0637723E2BF9BE46382640D040827171EC69932D4B8C2.apk,False,False,,False,,False,,False,,False,,2025-10-19 17:11:41
92A37B03D04D542E95458FC3135F86FC7DC74823AFAA1697F1DB574DA1332314.apk,False,False,,False,,False,,False,,False,,2025-10-19 17:11:42
93747CB4DB1A6C74B6AC777D70F6827381C6E6787D92D6917FEBE382CDC7CA6C.apk,False,False,,False,,False,,False,,False,,2025-10-19 17:11:42
965947809DF967343243DA981D994279AFCB8ED16004CA906B797FE73AA1B968.apk,False,False,,False,,False,,False,,False,,2025-10-19 17:11:42
952A856E3F29AA3F36D3A572CD08E1962C289D80041D3551A6A770FDF79A7D80.apk,False,False,,False,,False,,False,,False,,2025-10-19 17:11:42
978F8E5FCF98E48C6DB1BE82BD7B80255DDD49F6DFC072F9AF2DABC5272E3289.apk,False,False,,False,,False,,False,,False,,2025-10-19 17:11:42
97DDEF2BE39F18EA2F9265F957CFB7A9585975E1350A680B92F7005F89E1A976.apk,False,False,,False,,False,,False,,False,,2025-10-19 17:11:42
937C4BE0100BD40892004C8FB932B42E8F34102C71B67A52EC210BE25AE648C6.apk,False,False,,False,,False,,False,,False,,2025-10-19 17:11:42
983A9D6F38C79CA4008FEB1533000FABD9E8148A3E72A804982F8EAE368A991F.apk,False,False,,False,,False,,False,,False,,2025-10-19 17:11:43
9A6B1281244992EB1B76EF3016A31D5A37A04F8422D86FB0A17D202B6522F5C7.apk,False,False,,False,,False,,False,,False,,2025-10-19 17:11:43
989FF38E8FFAFA0592989CA2C784893711339748E1F0D6C6BACCE30307FB700F.apk,False,False,,False,,False,,False,,False,,2025-10-19 17:11:43
9C211219C64DF20B43C557E7573E0BE2005C7674BFFDFDA5966135B4F766AB8B.apk,False,False,,False,,False,,False,,False,,2025-10-19 17:11:43
9C73B1D38F0F946B7B2FF36C49937DD821A76123BEFBBEFEF3996FEC26839368.apk,False,False,,False,,False,,False,,False,,2025-10-19 17:11:43
9E26517449BFD40AB99E31568CEBA9E8A242ECC4571385CF43C74D4DA456811C.apk,False,False,,False,,False,,False,,False,,2025-10-19 17:11:43
9E2A698C12AE37E1BB737C419F1271461235064791B01B642349FA307DC6490D.apk,False,False,,False,,False,,False,,False,,2025-10-19 17:11:43
9FC6ADC9DE64A4B9002312D5C91ED604026660A0FAA037FEC9DD601560D2DABC.apk,False,False,,False,,False,,False,,False,,2025-10-19 17:11:43
A1F54435A67C6B05B998758E94AD5C174BE843FC01CD8CDF6B166D6D95CBDE51.apk,False,False,,False,,False,,False,,False,,2025-10-19 17:11:43
A278C11CF561D603B308FCA83DC97384AF2A8B8E6CAB3F646ACA55E6A0B30688.apk,False,False,,False,,False,,False,,False,,2025-10-19 17:11:43
A2BA7C4768EE64806BE87804E6E5C0AC96976E137A51EE0B7607BE11AB2F2B17.apk,False,False,,False,,False,,False,,False,,2025-10-19 17:11:43
A32BA0CB0BEA45464CAB91037F63155B8A586C7E8676A879366A94E5F1BB09E9.apk,False,False,,False,,False,,False,,False,,2025-10-19 17:11:43
A34217725BEAD27E0D5B8AFB86E7595DE725656B71939410619EA9B38F4556A0.apk,False,False,,False,,False,,False,,False,,2025-10-19 17:11:43
A41729D585FE425F4877CC5E090919226E453FE73C55D28B31DF19881C06F796.apk,False,False,,False,,False,,False,,False,,2025-10-19 17:11:43
A439B6300A00D4CEC24FD0CCF55DB44A8FD7F5CD206B95BF20748CCDBED20B8D.apk,False,False,,False,,False,,False,,False,,2025-10-19 17:11:43
A4585B9C0F63D490EE4729AC4B67B966F1ABDB23A2CDAC42647F99F031D315D2.apk,False,False,,False,,False,,False,,False,,2025-10-19 17:11:43
A5381F5D7AE227C66CD44FA507330FFFD9F3625E01457EAF62C04412BAF33533.apk,False,False,,False,,False,,False,,False,,2025-10-19 17:11:43
A63A2E465E4D5302CF8D6D497FD1CA8B6313A659498BACB3ED9AD2C2CBAFF669.apk,False,False,,False,,False,,False,,False,,2025-10-19 17:11:43
A66A4876C79ABEF02C7BD7C39DCB31C4CAFCCAC8FB2E586FC4C2343EA65AD1A5.apk,False,False,,False,,False,,False,,False,,2025-10-19 17:11:43
A70E35611411B3FA026CB0D4AFC451321E09CDE64174F7512C52FE5B26575E5C.apk,False,False,,False,,False,,False,,False,,2025-10-19 17:11:43
A713D9466170146E7D8EDECE56A0E8B11BF64AF8464481C0416B12039E3850CD.apk,False,False,,False,,False,,False,,False,,2025-10-19 17:11:43
A743B420493A8302C6B2901E0D1B3702187E5C5E0CE32EBC84517B4E178DF4AA.apk,False,False,,False,,False,,False,,False,,2025-10-19 17:11:43
A79C72B78F63107A2A82B228051047D7185C5CB5587E5E1E05535EB7A596077C.apk,False,False,,False,,False,,False,,False,,2025-10-19 17:11:43
A7F37211D8302DFBCEEEDF96E8719BD36366540A008D0BE2DFE16E7D7F27E4B1.apk,False,False,,False,,False,,False,,False,,2025-10-19 17:11:43
A862495D8749D0F1D0C4F5BA554AB7CE771F8C4F94822DE13AC61AAED5CDA5F2.apk,False,False,,False,,False,,False,,False,,2025-10-19 17:11:43
A92CA71C4CDD97414F0A6A77065B4891C48E0E5E7925CD182A329CFC50424196.apk,False,False,,False,,False,,False,,False,,2025-10-19 17:11:43
9F2DB0352A023648159EB7E50FB7A6A4987200E405B9BA14B8B11B9C47229761.apk,False,False,,False,,False,,False,,False,,2025-10-19 17:11:43
A0D6CFC863EC7C7CD01B013CC4827CACE444A6984BB9AD87F6FBCF70C3165F0C.apk,False,False,,False,,False,,False,,False,,2025-10-19 17:11:43
A9AD1B82644D19B49922B4543C405D0DBEEAD326D25FCCF9E88FB7D19ABCB17E.apk,False,False,,False,,False,,False,,False,,2025-10-19 17:11:43
AC42C638DCBBCD9E945AE402A4CA9177758F35DB331E87E5F46DEFADC7F39AE4.apk,False,False,,False,,False,,False,,False,,2025-10-19 17:11:43
AD9E935FB45929AAA3B993F23E9444DBFADA5C85A8590973BCA954917513ECCB.apk,False,False,,False,,False,,False,,False,,2025-10-19 17:11:44
AD66868980E572392F67EE520CD24D11E4C9A8737B439A9DA8A662DC640334AE.apk,False,False,,False,,False,,False,,False,,2025-10-19 17:11:44
AC9C1D122EFA9AC7AF94E6B6B39CAA006988E50E5DD7DEFC104A903E071E3EE8.apk,False,False,,False,,False,,False,,False,,2025-10-19 17:11:43
AE66EC3A56C02B23A7AAB9C8B1B1B5FD7DBF97B9988941D2F5F901D8BDB11CD5.apk,False,False,,False,,False,,False,,False,,2025-10-19 17:11:44
AEA45059B387905EE746081AF33C9002EE2028A500FA1000C57FD9EDB045283C.apk,False,False,,False,,False,,False,,False,,2025-10-19 17:11:44
air.com.blogspot.kruphimpha.ebook31,False,False,,False,,False,,False,,False,,2025-10-19 17:11:44
air.com.imi.SecretsofMentalMath,False,False,,False,,False,,False,,False,,2025-10-19 17:11:44
AE104948BC5F1D925C176C356EC6D46456A0569634FBB1240A37CEE49D935A7B.apk,False,False,,False,,False,,False,,False,,2025-10-19 17:11:44
air.KNA.SCIP6,False,False,,False,,False,,False,,False,,2025-10-19 17:11:44
air.ThailLearning,False,False,,False,,False,,False,,False,,2025-10-19 17:11:44
air.xfapp,False,False,,False,,False,,False,,False,,2025-10-19 17:11:44
air.com.ohnoo.tormentum.free,False,False,,False,,False,,False,,False,,2025-10-19 17:11:44
AFEE4222D64E9168AAAE265C4440969679A325D5E5BF7F517B577DD011D28E12.apk,False,False,,False,,False,,False,,False,,2025-10-19 17:11:44
app_ff4b1db8,False,False,,False,,False,,False,,False,,2025-10-19 17:11:45
app.rosario.it,False,False,,False,,False,,False,,False,,2025-10-19 17:11:44
au.com.fortix.fortixforms,False,False,,False,,False,,False,,False,,2025-10-19 17:11:45
appinventor.ai_kayipkayik.Maps,False,False,,False,,False,,False,,False,,2025-10-19 17:11:45
app_ff96a50c,False,False,,False,,False,,False,,False,,2025-10-19 17:11:45
au.com.meandu.tagmanageapp,False,False,,False,,False,,False,,False,,2025-10-19 17:11:45
au.com.meandu.orderapp,False,False,,False,,False,,False,,False,,2025-10-19 17:11:45
au.com.horizon.android,False,False,,False,,False,,False,,False,,2025-10-19 17:11:45
B00BEEDE7B1283536936775E60DCC8B4FF9CE69BF648909ED6512D1E4EC06B70.apk,False,False,,False,,False,,False,,False,,2025-10-19 17:11:45
B309A9FD85907EC2E380A71F44A82FC525A68B74D4C4BACF0089CDAEC7218B56.apk,False,False,,False,,False,,False,,False,,2025-10-19 17:11:45
B02FDF5B1640F41263BD921A93E2E4C1E58A9F71FBFF228EC08E69B7E89D56F9.apk,False,False,,False,,False,,False,,False,,2025-10-19 17:11:45
B0D8120CD570BEC74417725BA1F8ABA5AC0F181EA289C6C43B5FDC173FD87F1C.apk,False,False,,False,,False,,False,,False,,2025-10-19 17:11:45
B3BFE4871F19F5ED88BE256FB8E8C1E28595F63A9AC5C8167C37D44B5AEFF8E5.apk,False,False,,False,,False,,False,,False,,2025-10-19 17:11:46
B4703AEFB1AD7C6B85EEBCD5334EEB293A95B10904AC6C92AAEAFE375A24B2F6.apk,False,False,,False,,False,,False,,False,,2025-10-19 17:11:46
B3EB00C58715906763C5FFA7B5E126B748F93BF1BA7A8D450CCE46065BF16DA2.apk,False,False,,False,,False,,False,,False,,2025-10-19 17:11:46
B58E70FC915D8E1AF699783F0CF570A155B8BDB4F26A9CC9660AF1D6631CEDEA.apk,False,False,,False,,False,,False,,False,,2025-10-19 17:11:46
B5B12CC76E5A3F5EBEEB05DE12EC2C87D226A1FAF10588B363F695DA3BF70FE0.apk,False,False,,False,,False,,False,,False,,2025-10-19 17:11:46
B5B5B670CCA22171D367B1C61BF1D74E2E069E1C05741AFCDDCF2C00B4B989B4.apk,False,False,,False,,False,,False,,False,,2025-10-19 17:11:46
B6619D7BF6705A335D2B96AF8335DAD3AB9A192086EE157CDB5270DE582FED00.apk,False,False,,False,,False,,False,,False,,2025-10-19 17:11:46
B817ECE99BB959EEF8844CB4C4D2600E69D51B1999A19BFDF58A60346673687E.apk,False,False,,False,,False,,False,,False,,2025-10-19 17:11:47
B80509879072451742AC62F81DD5F498CD5381F87A45671C0A1E7A30F0C58208.apk,False,False,,False,,False,,False,,False,,2025-10-19 17:11:47
B799EF02B9A07FE5005B54E77B24AC67609AEFB0BE941F50E7BB1650786216F8.apk,False,False,,False,,False,,False,,False,,2025-10-19 17:11:46
B85FFD1FACE7B32DC12326939F081CDF3B343B6BC25D7EFCD279077460CDC52B.apk,False,False,,False,,False,,False,,False,,2025-10-19 17:11:47
B9AEE5F576B92248290BD24F31544C9CA1EF7AA406A9AAF5FE18C52CB4B3187E.apk,False,False,,False,,False,,False,,False,,2025-10-19 17:11:47
B90D9A9D4A8CAA02190EF22C889881ECD30908E24C3E314171ACAA337093FB37.apk,False,False,,False,,False,,False,,False,,2025-10-19 17:11:47
be.bmid.itsme,False,False,,False,,False,,False,,False,,2025-10-19 17:11:48
be.cm.cmapp,False,False,,False,,False,,False,,False,,2025-10-19 17:11:48
be.nexuzhealth.mobile.mynexuz,False,False,,False,,False,,False,,False,,2025-10-19 17:11:48
barnasoba.calculadora,False,False,,False,,False,,False,,False,,2025-10-19 17:11:47
BCDD8DF7DEBFB5194909AA2EC49C207286679DFC02BB31A683BD549574441247.apk,False,False,,False,,False,,False,,False,,2025-10-19 17:11:47
BEAB8B128F9A01B332C4C84E32910156B315AA8CFFE9BD78E535AA829178011C.apk,False,False,,False,,False,,False,,False,,2025-10-19 17:11:48
biz.codespark.xcalendarapp,False,False,,False,,False,,False,,False,,2025-10-19 17:11:48
br.com.meliuz,False,False,,False,,False,,False,,False,,2025-10-19 17:11:48
C114B9FFF7DC7C093E710B27D18D26C84D2B963EA5EA91106242619CF4B0E502.apk,False,False,,False,,False,,False,,False,,2025-10-19 17:11:48
C17731632CB1042BE09E49A0163D70CC9F91D64D4A718F30CAE9673A6E28BE90.apk,False,False,,False,,False,,False,,False,,2025-10-19 17:11:49
C2419CEF6A552CB7A2C04B66A76F2574C9495915040683F922BA845BF5A1B77E.apk,False,False,,False,,False,,False,,False,,2025-10-19 17:11:49
C58A2FC6CDC1E6EC84E452BE7DC172296FF3CD6EA7A2A16580BD515E3D6A32CE.apk,False,False,,False,,False,,False,,False,,2025-10-19 17:11:49
C6020FF70872E81706683D8CD836187388E94F29097DEA48BBF1261C5F62C486.apk,False,False,,False,,False,,False,,False,,2025-10-19 17:11:49
C6AF21A227378695DC11E3950DDF50A313A1FA72D9166426CBE92C52FB42A162.apk,False,False,,False,,False,,False,,False,,2025-10-19 17:11:49
C6F83BF0B1BF091BA273443BC0AB23C8440A7F5DBE8C25FECDC1845599776669.apk,False,False,,False,,False,,False,,False,,2025-10-19 17:11:49
C74353ED1238C735F6188F7AC82EEA8BD0A3E50F4711C57AE499606CF0341871.apk,False,False,,False,,False,,False,,False,,2025-10-19 17:11:49
C392362727859DD859CC16F3E283A948B0D37BEA8D83E8B121710A11D8D4AB96.apk,False,False,,False,,False,,False,,False,,2025-10-19 17:11:49
C8A4E59E9CFFC8AC780A3915C93F0F2D3FC724763A7B9BAA7134F172C275E488.apk,False,False,,False,,False,,False,,False,,2025-10-19 17:11:50
C88F5B8B8D54F0A331F16C0E459198C2390D36AFB979C7F6DC66AC3950984C7E.apk,False,False,,False,,False,,False,,False,,2025-10-19 17:11:50
C925A7904159A3C4E6C6F35D0412B52D13ECA6201CF24F27A7D3F30E4C97BB1B.apk,False,False,,False,,False,,False,,False,,2025-10-19 17:11:50
ca.mobile.explorer,False,False,,False,,False,,False,,False,,2025-10-19 17:11:50
ca.luckymobile,False,False,,False,,False,,False,,False,,2025-10-19 17:11:50
C9681F9471DBFE397CE7C54F70BD9AD1D4F5A1D7B0FFBB63833C6A93B6CF7FD5.apk,False,False,,False,,False,,False,,False,,2025-10-19 17:11:50
ca.niagaracollege.ncmobile,False,False,,False,,False,,False,,False,,2025-10-19 17:11:50
CB3356FD3BFE81AFA1469EEC4486CC44A0E59393E43096FC2AF81BA8B2B36EBB.apk,False,False,,False,,False,,False,,False,,2025-10-19 17:11:50
CC35E958814C050FCC6C72FB89862D06E8FAED20D2C135DA4D9AAAEF2D8E686E.apk,False,False,,False,,False,,False,,False,,2025-10-19 17:11:50
CC8F8CE2854C20DB522CC2226D91EC0486D904E70E906D794E036EBAE02763CF.apk,False,False,,False,,False,,False,,False,,2025-10-19 17:11:50
CD644B817EC2837DD6C6070EA914FC8D7B3FAAA29A0BBB6F71F339E2952F8531.apk,False,False,,False,,False,,False,,False,,2025-10-19 17:11:50
CFDAC73C09084004DDFFD0F19657F990240AFB3045E07B7D0FDF400019C2E189.apk,False,False,,False,,False,,False,,False,,2025-10-19 17:11:50
cn.motoon.reader,False,False,,False,,False,,False,,False,,2025-10-19 17:11:50
cl.colegium.SchoolNet_Mobile,False,False,,False,,False,,False,,False,,2025-10-19 17:11:50
com.ababank.abadigiguard,False,False,,False,,False,,False,,False,,2025-10-19 17:11:51
com.addsecure.addview,False,False,,False,,False,,False,,False,,2025-10-19 17:11:51
co.wordupapp.app,False,False,,False,,False,,False,,False,,2025-10-19 17:11:51
com.alpinverlag.www,False,False,,False,,False,,False,,False,,2025-10-19 17:11:51
com.bcp.bo.wallet,False,False,,False,,False,,False,,False,,2025-10-19 17:11:51
com.bancodebogota.bancamovil,False,False,,False,,False,,False,,False,,2025-10-19 17:11:51
com.anji.plus.crm,False,False,,False,,False,,False,,False,,2025-10-19 17:11:51
com.certifiedangusbeef.brandbuilder,False,False,,False,,False,,False,,False,,2025-10-19 17:11:52
com.beckhoff.tciotcommunicator,False,False,,False,,False,,False,,False,,2025-10-19 17:11:52
com.conferma.trippay,False,False,,False,,False,,False,,False,,2025-10-19 17:11:52
com.connectyourcare.mobile30,False,False,,False,,False,,False,,False,,2025-10-19 17:11:52
com.csg.cs.dnmb,False,False,,False,,False,,False,,False,,2025-10-19 17:11:52
com.cXY.aLGJV2jbl,False,False,,False,,False,,False,,False,,2025-10-19 17:11:52
com.cosmopayment,False,False,,False,,False,,False,,False,,2025-10-19 17:11:52
com.colanotes.android,False,False,,False,,False,,False,,False,,2025-10-19 17:11:52
com.downerGroup.DownerConnect,False,False,,False,,False,,False,,False,,2025-10-19 17:11:52
com.desn.cloudsmarttrip,False,False,,False,,False,,False,,False,,2025-10-19 17:11:52
com.divinglog.divelog,False,False,,False,,False,,False,,False,,2025-10-19 17:11:52
com.dunamu.exchange,False,False,,False,,False,,False,,False,,2025-10-19 17:11:53
com.dunamu.exchange.global,False,False,,False,,False,,False,,False,,2025-10-19 17:11:53
com.dvlathlete.tridot,False,False,,False,,False,,False,,False,,2025-10-19 17:11:53
com.drakeet.purewriter,False,False,,False,,False,,False,,False,,2025-10-19 17:11:53
com.dz.law,False,False,,False,,False,,False,,False,,2025-10-19 17:11:53
com.esylux.esycontrol,False,False,,False,,False,,False,,False,,2025-10-19 17:11:53
com.excean.parallelspace,False,False,,False,,False,,False,,False,,2025-10-19 17:11:53
com.ecolab.prepnprintflex,False,False,,False,,False,,False,,False,,2025-10-19 17:11:53
com.excelliance.multiaccounts,False,False,,False,,False,,False,,False,,2025-10-19 17:11:54
com.excelliance.multiaccount,False,False,,False,,False,,False,,False,,2025-10-19 17:11:53
com.facebook.lite,False,False,,False,,False,,False,,False,,2025-10-19 17:11:54
com.fic.buenovela,False,False,,False,,False,,False,,False,,2025-10-19 17:11:54
com.farmnet365.pflanzenbau,False,False,,False,,False,,False,,False,,2025-10-19 17:11:54
com.facemoji.lite.xiaomi.gp,False,False,,False,,False,,False,,False,,2025-10-19 17:11:54
com.gogomath.app,False,False,,False,,False,,False,,False,,2025-10-19 17:11:55
com.gmosign.agree.android,False,False,,False,,False,,False,,False,,2025-10-19 17:11:54
com.gtarcade.eoa,False,False,,False,,False,,False,,False,,2025-10-19 17:11:55
com.ford.fordpasspro.eu,False,False,,False,,False,,False,,False,,2025-10-19 17:11:54
com.Haftey.awdeawarh,False,False,,False,,False,,False,,False,,2025-10-19 17:11:55
com.grupoavalpo.bancamovil,False,False,,False,,False,,False,,False,,2025-10-19 17:11:55
com.gympass,False,False,,False,,False,,False,,False,,2025-10-19 17:11:55
com.handcent.app.nextsms,False,False,,False,,False,,False,,False,,2025-10-19 17:11:55
com.harmonsgrocery.harmons,False,False,,False,,False,,False,,False,,2025-10-19 17:11:55
com.harborfreight.app,False,False,,False,,False,,False,,False,,2025-10-19 17:11:55
com.hmg.hmgDr,False,False,,False,,False,,False,,False,,2025-10-19 17:11:56
com.hidglobal.pacs.readermanager,False,False,,False,,False,,False,,False,,2025-10-19 17:11:55
com.inorprocess.inorconnect,False,False,,False,,False,,False,,False,,2025-10-19 17:11:56
com.haraj.souq.Saudi_Cars,False,False,,False,,False,,False,,False,,2025-10-19 17:11:55
com.ismart.XF_InoSmart,False,False,,False,,False,,False,,False,,2025-10-19 17:11:56
com.ing.expenses,False,False,,False,,False,,False,,False,,2025-10-19 17:11:56
com.kabam.evd,False,False,,False,,False,,False,,False,,2025-10-19 17:11:56
com.kfcaus.ordering,False,False,,False,,False,,False,,False,,2025-10-19 17:11:56
com.kddi.kcideco,False,False,,False,,False,,False,,False,,2025-10-19 17:11:56
com.joyreading.wehear,False,False,,False,,False,,False,,False,,2025-10-19 17:11:56
com.loftytechnologies.loftyparentapp,False,False,,False,,False,,False,,False,,2025-10-19 17:11:56
com.lloyds.ccdm,False,False,,False,,False,,False,,False,,2025-10-19 17:11:56
com.mcbmu.juice,False,False,,False,,False,,False,,False,,2025-10-19 17:11:56
com.mhussain96.youhelp.pro,False,False,,False,,False,,False,,False,,2025-10-19 17:11:57
com.nordic_it.mark5.android,False,False,,False,,False,,False,,False,,2025-10-19 17:11:57
com.melissa.lookupsmobileapp,False,False,,False,,False,,False,,False,,2025-10-19 17:11:57
com.mobilestudio.mycreditmanager,False,False,,False,,False,,False,,False,,2025-10-19 17:11:57
com.nttdocomo.keitai.payment,False,False,,False,,False,,False,,False,,2025-10-19 17:11:57
com.paytronix.client.android.app.andysfrozencustard,False,False,,False,,False,,False,,False,,2025-10-19 17:11:57
com.pbjtv.family,False,False,,False,,False,,False,,False,,2025-10-19 17:11:57
com.pagerduty.android,False,False,,False,,False,,False,,False,,2025-10-19 17:11:57
com.phonecastsolutions.bzreisadvies,False,False,,False,,False,,False,,False,,2025-10-19 17:11:57
com.playwaze.activewestminster,False,False,,False,,False,,False,,False,,2025-10-19 17:11:57
com.nordstrom.rack.app,False,False,,False,,False,,False,,False,,2025-10-19 17:11:57
com.raigo.itivaplus,False,False,,False,,False,,False,,False,,2025-10-19 17:11:57
com.realtyme.android,False,False,,False,,False,,False,,False,,2025-10-19 17:11:58
com.ramdor,False,False,,False,,False,,False,,False,,2025-10-19 17:11:58
com.read.goodnovel,False,False,,False,,False,,False,,False,,2025-10-19 17:11:58
com.repair.photopay,False,False,,False,,False,,False,,False,,2025-10-19 17:11:58
com.sabaza.sabazaapp,False,False,,False,,False,,False,,False,,2025-10-19 17:11:58
com.saltanera.hadits,False,False,,False,,False,,False,,False,,2025-10-19 17:11:58
com.schneiderelectric.industrialdevice,False,False,,False,,False,,False,,False,,2025-10-19 17:11:58
com.softegg.IDHA,False,False,,False,,False,,False,,False,,2025-10-19 17:11:58
com.siyangxunfei.chenyang.sharetrack,False,False,,False,,False,,False,,False,,2025-10-19 17:11:58
com.spacecityweather.scw,False,False,,False,,False,,False,,False,,2025-10-19 17:11:58
com.spectraqest.qf,False,False,,False,,False,,False,,False,,2025-10-19 17:11:59
com.sproutsocial.android,False,False,,False,,False,,False,,False,,2025-10-19 17:11:59
com.superspincoinappy.app,False,False,,False,,False,,False,,False,,2025-10-19 17:11:59
com.srpnet.wits.srpwater,False,False,,False,,False,,False,,False,,2025-10-19 17:11:59
com.tmon,False,False,,False,,False,,False,,False,,2025-10-19 17:11:59
com.tiqiaa.remote,False,False,,False,,False,,False,,False,,2025-10-19 17:11:59
com.uc.vmate,False,False,,False,,False,,False,,False,,2025-10-19 17:11:59
com.uc.vmlite,False,False,,False,,False,,False,,False,,2025-10-19 17:11:59
com.velocityehs.velocityehs,False,False,,False,,False,,False,,False,,2025-10-19 17:12:00
com.tmr.checkrego,False,False,,False,,False,,False,,False,,2025-10-19 17:11:59
com.unionpersonal.up,False,False,,False,,False,,False,,False,,2025-10-19 17:12:00
com.wemoneymobile,False,False,,False,,False,,False,,False,,2025-10-19 17:12:00
com.westernhealth.mywha,False,False,,False,,False,,False,,False,,2025-10-19 17:12:00
com.vsourz.travelup,False,False,,False,,False,,False,,False,,2025-10-19 17:12:00
com.vson.smarthome,False,False,,False,,False,,False,,False,,2025-10-19 17:12:00
com.xlingenieria.unifilar,False,False,,False,,False,,False,,False,,2025-10-19 17:12:00
com.yc.loanbox,False,False,,False,,False,,False,,False,,2025-10-19 17:12:00
com.xlingenieria.altatension,False,False,,False,,False,,False,,False,,2025-10-19 17:12:00
com.yc.genwebapk,False,False,,False,,False,,False,,False,,2025-10-19 17:12:00
com.zenshifts.guardhouse,False,False,,False,,False,,False,,False,,2025-10-19 17:12:00
com.zong.customercare,False,False,,False,,False,,False,,False,,2025-10-19 17:12:01
com.ztrip,False,False,,False,,False,,False,,False,,2025-10-19 17:12:01
com.zhangzu.ccwan,False,False,,False,,False,,False,,False,,2025-10-19 17:12:00
D1EFC5B219809C12C910930F4CC144AD8FB9561D55F0FA5D97610CAD45B4EBF6.apk,False,False,,False,,False,,False,,False,,2025-10-19 17:12:01
D07E05B041E6BE6807038079B2327AF32A5A39761714E831ED558952333C7799.apk,False,False,,False,,False,,False,,False,,2025-10-19 17:12:01
D2180DDF62A5477A8298D439067CFF321D2E04230074A94F41279880A7393C62.apk,False,False,,False,,False,,False,,False,,2025-10-19 17:12:01
D25898A07FBE87B55751CA1A7FEBABDDDD715DE59159ED12010A3911EF067DF2.apk,False,False,,False,,False,,False,,False,,2025-10-19 17:12:01
D324B438D0CD03BFC52AC51A7099C4D960D28498D6711F3B992995976CD93203.apk,False,False,,False,,False,,False,,False,,2025-10-19 17:12:01
D3539C1FEABD02DF2332BA92648EC209F0892080039685E84CF8AE39DD93E551.apk,False,False,,False,,False,,False,,False,,2025-10-19 17:12:02
D38F532F4FFE39BD44F3342DA444212FEBE361EB32B10C034EC6CDC592F745B4.apk,False,False,,False,,False,,False,,False,,2025-10-19 17:12:02
D533459E6D89D04222B51D5D3EE163F261499A7BD8749D9C8CF6DD51776E0064.apk,False,False,,False,,False,,False,,False,,2025-10-19 17:12:02
D5C22D18BE895C47C0CF194CC72CE1D4D18265FA12E7FC655B54B41E5520BFF3.apk,False,False,,False,,False,,False,,False,,2025-10-19 17:12:02
D6899D72217750B0555218C1A1A99A2C7A27BC53BD372B56B0221E9EE222493A.apk,False,False,,False,,False,,False,,False,,2025-10-19 17:12:02
D770615C1DE3BE22550748C128B08288502724D9B0615CE27C97292A0F74E650.apk,False,False,,False,,False,,False,,False,,2025-10-19 17:12:02
D79A36CD495F1DB3D475D7A04258C9E17B55A28840151430C31131B817AC4DF4.apk,False,False,,False,,False,,False,,False,,2025-10-19 17:12:02
D7CF63DA02FD108F3500C2C01C43B0F1AB92AF2D7A7A2EF3DD9FD7F62892EAEA.apk,False,False,,False,,False,,False,,False,,2025-10-19 17:12:02
D863265C84B3B2A0061BD0FEA51630B1D8309BAAF39E49A0DAEC6A5CA5C0B09C.apk,False,False,,False,,False,,False,,False,,2025-10-19 17:12:02
D915154EF5CF8394EFB967B6532F2F32BC649AE4F72C596B697A4B206B53661F.apk,False,False,,False,,False,,False,,False,,2025-10-19 17:12:02
D934A433C8CC00CB33C68545F4C35B547AB554B089E200C1730E5443C30299FC.apk,False,False,,False,,False,,False,,False,,2025-10-19 17:12:02
D9A6ABC16CE5A2EAEDAD19654854DE6103456E746ADE96D6FF35E2008F65E605.apk,False,False,,False,,False,,False,,False,,2025-10-19 17:12:03
DA338D17F8557B1A02B6396AC5F561DF291D07E5E04692669B55C765E3C90DEC.apk,False,False,,False,,False,,False,,False,,2025-10-19 17:12:03
DA1AC3ED440E69FB87D19CE5005D8ACA4EDFBEEA4D90CB397ED436F13022CD14.apk,False,False,,False,,False,,False,,False,,2025-10-19 17:12:03
DA644D20FAC3B2CBA6B5C5999451975A8EFD285FF6FF7F3EDA8A2F5D457CA566.apk,False,False,,False,,False,,False,,False,,2025-10-19 17:12:03
DB2FC358CA24749D34388C24D1A7B1F6370F7265BA8463A716A4EB8101880C73.apk,False,False,,False,,False,,False,,False,,2025-10-19 17:12:03
DB0E80C756E89ABD921A8106314D40CB1AC5A1047B181C94ECAAAE7DE73A14D6.apk,False,False,,False,,False,,False,,False,,2025-10-19 17:12:03
DDF2F4425DDB715422203DBA09198BD6F6D55BBA1BB3149406DD724182BD88AB.apk,False,False,,False,,False,,False,,False,,2025-10-19 17:12:03
de.secova.sammobile,False,False,,False,,False,,False,,False,,2025-10-19 17:12:04
DC96CE87D5A756A63B56B9696AB1B2DC60B508D5466E9073A47A204CFA0130AD.apk,False,False,,False,,False,,False,,False,,2025-10-19 17:12:03
DE998C2FA6ACABB5000240E78A5299F776CA581C21140B9581A4181AD3C23D27.apk,False,False,,False,,False,,False,,False,,2025-10-19 17:12:04
DEEDECC1060B3E69C953746DC1DD185289DD49407FEEFB84057C7FBC98E97397.apk,False,False,,False,,False,,False,,False,,2025-10-19 17:12:04
deVries.WMS.Publication.Mobile.UI.Android,False,False,,False,,False,,False,,False,,2025-10-19 17:12:04
DF038DC89E607E6116844F8C5830E9027C9F621455A04E287B732A88729BC264.apk,False,False,,False,,False,,False,,False,,2025-10-19 17:12:04
DDAE4A339744AF66471FC3E7824D6E87BCEFDB902337F247ABD5825302BDF0ED.apk,False,False,,False,,False,,False,,False,,2025-10-19 17:12:03
E170A94ABC7DE5AF70D60BEFCD7E1AA808247E263AE58FA25A71F30322A1CC5C.apk,False,False,,False,,False,,False,,False,,2025-10-19 17:12:05
E136E840665D3DFDE70AF3611599B9AFA6B44BF0A06FE32EB4C1960071F973D4.apk,False,False,,False,,False,,False,,False,,2025-10-19 17:12:05
E3EA597B56AEDE026455AF163B3957DB3214BD6A8E4306C66C238B7830AE5B33.apk,False,False,,False,,False,,False,,False,,2025-10-19 17:12:05
dk.dbu.Fodbold,False,False,,False,,False,,False,,False,,2025-10-19 17:12:05
E2649FB68B16E044EF9E060134E6AC6C997656924A87845DE47E5C0B1ACC5151.apk,False,False,,False,,False,,False,,False,,2025-10-19 17:12:05
E98AB23A5E604D2035C6E145FCF2F7287D3E176BFC62B73EA00D1E9714C1DEE6.apk,False,False,,False,,False,,False,,False,,2025-10-19 17:12:05
E43E37F64AC8C48655F8328EE9392349414EBACFD89FA587EFCBE2143A90E73C.apk,False,False,,False,,False,,False,,False,,2025-10-19 17:12:05
E9EF75937B66FE25B0E98176B118F62F32C8BE4805A7431505599696F7EAD183.apk,False,False,,False,,False,,False,,False,,2025-10-19 17:12:05
E66FEA01E2CB743901CF58F0AA25668E952B9E1F06436CB30001E5CD24B864F9.apk,False,False,,False,,False,,False,,False,,2025-10-19 17:12:05
EB0E9988003D126D5B59B7E0D2683F81E729B18CB41ADAFAD3CED4206CD3AE4F.apk,False,False,,False,,False,,False,,False,,2025-10-19 17:12:06
EA4AC2676DED8AC9D397458855CCB05FBEFB63D3B9282CA47736ED59DB5D7821.apk,False,False,,False,,False,,False,,False,,2025-10-19 17:12:05
edu.mit.appinventor.aicompanion3,False,False,,False,,False,,False,,False,,2025-10-19 17:12:06
EBCF890572AC74984F2134E59BFBE08EB1288929D9EA8B7B102B9C188982F1B8.apk,False,False,,False,,False,,False,,False,,2025-10-19 17:12:06
EE71DDB161F310F0981A1D2D2B7DA8D88F8C385D42316A616B64E36F04178485.apk,False,False,,False,,False,,False,,False,,2025-10-19 17:12:06
F31D3C8CB0B09B969114468ADDDA759214E2EC4C02BCC073E6A745C4880621BC.apk,False,False,,False,,False,,False,,False,,2025-10-19 17:12:06
F271BB9CEA5E40A86FCD5392F2481BE9212A23D85FD2B147D0FFB3F9ABD8E80B.apk,False,False,,False,,False,,False,,False,,2025-10-19 17:12:06
F4F1219EF377DCBE62228FD1614E8F5D3E3EC97BE78FFA068965D79BC764308C.apk,False,False,,False,,False,,False,,False,,2025-10-19 17:12:06
F77A55806F6AB8C7AB1E7DC932A89B3B0EF5E42357E8561AF4F6892E26A90E84.apk,False,False,,False,,False,,False,,False,,2025-10-19 17:12:07
F7C1AEC18610039747F0D31A5283F4350B0CB28397D545DB419F51F8430FECB9.apk,False,False,,False,,False,,False,,False,,2025-10-19 17:12:07
F7ECD446B5A1D5004A1AE32650E75C202BF4BF49CBAC12E169670A215353A6DB.apk,False,False,,False,,False,,False,,False,,2025-10-19 17:12:07
F806BDD9BD8BBCE92B8048C72E316C781BEF9B06468B47D85225F7D24FE5624D.apk,False,False,,False,,False,,False,,False,,2025-10-19 17:12:07
F8984A1967A42FC797AD659A9B3B0223DF889DD0AA6CED47B020E4CEB569AEC6.apk,False,False,,False,,False,,False,,False,,2025-10-19 17:12:07
FBD34ADBEEBC08268C947D2D0646BBE2EC213BB5B8851391B86DCD22DCF72A37.apk,False,False,,False,,False,,False,,False,,2025-10-19 17:12:07
FC20B8D85980A168B7F1D189B2DD4FFDC84BE88A4C75E03615FECC5F53807A12.apk,False,False,,False,,False,,False,,False,,2025-10-19 17:12:07
F8D5AD2ED35D89BD11FA41184B6CA4051C55A51C759843BE5FEEDEEA27DF7437.apk,False,False,,False,,False,,False,,False,,2025-10-19 17:12:07
FC8CE48D857C4FA3A6FFD2FFE086AFB6DAD9D9A7AA02E9607EEC61CBC78BB897.apk,False,False,,False,,False,,False,,False,,2025-10-19 17:12:08
FD10E9F3E4ADAA00E033801DFA90B6188DE822468CE428775146D8B6783D1C55.apk,False,False,,False,,False,,False,,False,,2025-10-19 17:12:08
FD41E0498652DC3D638AFE957249B32AA66710D715C66C7B5186CF2439EA8142.apk,False,False,,False,,False,,False,,False,,2025-10-19 17:12:08
FE8DD1BB1B69DB9D1DA3AD1DFC41534141602AFDA77BF79C1EDA2A8B2BED3550.apk,False,False,,False,,False,,False,,False,,2025-10-19 17:12:08
FF4B1DB88BDDB18E8CA06D3A77C92663EFD56897F293639CE52B8D627416528E.apk,False,False,,False,,False,,False,,False,,2025-10-19 17:12:08
FF96A50C4C3EB87C19D16E1F7857359B998BFCCDC5B9148DC06EE948335DD9E9.apk,False,False,,False,,False,,False,,False,,2025-10-19 17:12:08
gov.LA.SOS.GeauxVote,False,False,,False,,False,,False,,False,,2025-10-19 17:12:08
intelligence.clouds.app,False,False,,False,,False,,False,,False,,2025-10-19 17:12:09
ie.avantmoney.mobileapp,False,False,,False,,False,,False,,False,,2025-10-19 17:12:08
fr.vinted,False,False,,False,,False,,False,,False,,2025-10-19 17:12:08
it.thespacecinema.android,False,False,,False,,False,,False,,False,,2025-10-19 17:12:09
jp.co.jibunbank.jibunfx3,False,False,,False,,False,,False,,False,,2025-10-19 17:12:09
it.bagniperla.app,False,False,,False,,False,,False,,False,,2025-10-19 17:12:09
llllovemybox2.app,False,False,,False,,False,,False,,False,,2025-10-19 17:12:09
mark.via.gp,False,False,,False,,False,,False,,False,,2025-10-19 17:12:09
it.smartapps4me.smartcontrol,False,False,,False,,False,,False,,False,,2025-10-19 17:12:09
jp.dreambrain.adiorama,False,False,,False,,False,,False,,False,,2025-10-19 17:12:09
menwho.phone.callerid.social,False,False,,False,,False,,False,,False,,2025-10-19 17:12:10
mycaremar.android,False,False,,False,,False,,False,,False,,2025-10-19 17:12:10
mm.com.mptvas,False,False,,False,,False,,False,,False,,2025-10-19 17:12:10
mx.com.inntecmp.miinntecmovilapp,False,False,,False,,False,,False,,False,,2025-10-19 17:12:10
nl.agp.agpinstallware,False,False,,False,,False,,False,,False,,2025-10-19 17:12:10
net.edisoft.AmericanRoulette,False,False,,False,,False,,False,,False,,2025-10-19 17:12:10
net.mbc.shahid,False,False,,False,,False,,False,,False,,2025-10-19 17:12:10
nl.victronenergy.victronledapp,False,False,,False,,False,,False,,False,,2025-10-19 17:12:10
nl.cross_link.droid.olb,False,False,,False,,False,,False,,False,,2025-10-19 17:12:10
np.com.nareshmdr.nepalicalendar,False,False,,False,,False,,False,,False,,2025-10-19 17:12:11
org.edx.mobile,False,False,,False,,False,,False,,False,,2025-10-19 17:12:11
org.gobiernodecanarias.scs.mihistoria,False,False,,False,,False,,False,,False,,2025-10-19 17:12:11
org.sajeg.fallingblocks,False,False,,False,,False,,False,,False,,2025-10-19 17:12:11
org.whiteglow.keepmynotes,False,False,,False,,False,,False,,False,,2025-10-19 17:12:11
org.whiteglow.quickeycalculator,False,False,,False,,False,,False,,False,,2025-10-19 17:12:11
proofsafe.Official,False,False,,False,,False,,False,,False,,2025-10-19 17:12:12
powel.Contractor.Quantities,False,False,,False,,False,,False,,False,,2025-10-19 17:12:12
poost.android.app,False,False,,False,,False,,False,,False,,2025-10-19 17:12:12
putio.client.android,False,False,,False,,False,,False,,False,,2025-10-19 17:12:12
se.novacura.flow.ng,False,False,,False,,False,,False,,False,,2025-10-19 17:12:12
uk.co.forms2mobile,False,False,,False,,False,,False,,False,,2025-10-19 17:12:12
shix.stareye.camera,False,False,,False,,False,,False,,False,,2025-10-19 17:12:12
uk.co.organise.lcs,False,False,,False,,False,,False,,False,,2025-10-19 17:12:13
tab.second.sceeen.mirroring.app,False,False,,False,,False,,False,,False,,2025-10-19 17:12:12
uk.co.next.android,False,False,,False,,False,,False,,False,,2025-10-19 17:12:12
wheres_my_app.wheres_my_app,False,False,,False,,False,,False,,False,,2025-10-19 17:12:13
